Built,n,prop
3.5.1,2,0.011299435028248588
3.5.3,3,0.01694915254237288
3.6.0,9,0.05084745762711865
3.6.1,3,0.01694915254237288
3.6.2,160,0.903954802259887
